Designator,Footprint,Quantity,Value,LCSC Part #
"D1, D10, D11, D12, D13, D14, D15, D16, D17, D18, D19, D2, D20, D21, D22, D23, D24, D25, D26, D27, D28, D29, D3, D30, D31, D32, D33, D34, D35, D36, D37, D38, D4, D5, D6, D7, D8, D9",Diode-Hybrid-Back,38,D_Small,
JP1,Jumper-UserFriendly-Small,1,Jumper_NO_Small,
"MX1, MX10, MX11, MX12, MX13, MX14, MX15, MX16, MX17, MX18, MX19, MX2, MX20, MX21, MX22, MX23, MX24, MX25, MX26, MX27, MX28, MX29, MX3, MX30, MX31, MX32, MX33, MX36, MX37, MX38, MX4, MX5, MX6, MX7, MX8, MX9",MXOnly-1U-NoLED,36,MX-NoLED,
"MX34, MX35",MXOnly-2U-ReversedStabilizers-NoLED,2,MX-NoLED,
U1,ProMicro,1,ProMicro,
